,Keywords
0,--LaPadula
1,0-RTT
2,AES
3,ASLR
4,Access
5,Air-Gapped
6,Antivirus
7,Bell
8,Biba
9,Blacklist
10,Botnet
11,CBC
12,CFB
13,Conficker
14,DDoS
15,DES
16,DMZ
17,DNS
18,DNSSEC
19,ECB
20,Extension
21,HTTPS
22,Hacker
23,Hacktivism
24,Hacktivist
25,Honeypot
26,IDA
27,IDS
28,IPS
29,IPSec
30,IRC
31,Intrusion
32,Kerberos
33,Keyboard
34,Keylogger
35,MD5
36,NFV
37,Network
38,OFB
39,ORAM
40,PKI
41,PRO
42,Personal
43,Phishing
44,RAM
45,RC4
46,RSA
47,Risk
48,SHA-1
49,SSH
50,SSL
51,SYN
52,Security
53,TCAM
54,TLS
55,TPM
56,Tamarin
57,Threat
58,Tor
59,Trojan
60,Two-factor
61,Zero-Day
62,actor
63,address
64,admission
65,adversarial
66,adversary
67,alarm
68,alert
69,algorithm
70,analysis
71,and
72,angr
73,anonymity
74,anti-virtualization
75,assessment
76,attack
77,authenticated
78,authentication
79,authenticity
80,authorization
81,bcrypt
82,binary
83,binary-level
84,bitcoin
85,black-box
86,block
87,blockchain
88,bug
89,byzantine
90,cascade
91,certdomain
92,certificate
93,challenge
94,channel
95,cipher
96,ciphertext
97,clickjacking
98,code
99,code-reuse
100,collision
101,confidentiality
102,control
103,control-flow
104,correlation
105,corruption
106,covert
107,crash
108,cryptanalysis
109,crypto-ransomware
110,cryptocurrency
111,cryptographic
112,cryptography
113,cyber
114,cybercrime
115,cybersecurity
116,data
117,data-flow
118,decryption
119,defense
120,denial
121,deobfuscation
122,destabilizing
123,detection
124,diffie-hellman
125,digital
126,disassembly
127,download
128,drive-by
129,dynamic
130,eavesdropping
131,encryption
132,engineer
133,enterprise
134,error-handling
135,ethereum
136,exchange
137,execution
138,exploration
139,false
140,firewall
141,flash-crowd
142,flood
143,forensic
144,formal
145,framework
146,fraud
147,function
148,grand
149,hardware
150,hardware-assisted
151,hash
152,hashing
153,heartbleed
154,hiding
155,information
156,integrity
157,isolation
158,key
159,layout
160,leakage
161,linking
162,logger
163,malware
164,man-in-the-middle
165,mechanism
166,memory
167,mitigation
168,model
169,negative
170,network
171,obfuscate
172,obfuscation
173,oblivious
174,of
175,on
176,one-way
177,openssl
178,password
179,patch
180,perception
181,perturbation
182,phishing
183,pointer
184,positive
185,prediction
186,prevention
187,privacy
188,privacy-preserving
189,privacy-sensitive
190,private
191,protection
192,public
193,randomization
194,ransomware
195,reassemblr
196,reflection
197,reverse
198,revocation
199,robust
200,safe
201,secret
202,secret-key
203,security
204,service
205,shared
206,shellphish
207,signature
208,software
209,space
210,spam
211,static
212,storage
213,symbolic
214,symmetric-key
215,system
216,timing
217,tool
218,trace
219,triple-DES
220,user
221,vector
222,verification
223,virtualization
224,virus
225,vulnerability
226,website
227,worm
